bedrooms,median_adr,median_occupancy,median_adj_occupancy,median_annual_revenue,median_monthly_revenue,median_avg_stay,median_cleaning_fee,p25_revenue,p75_revenue,p25_monthly,p75_monthly,sample_size,market,permit_required,owner_occupancy,has_night_cap,night_cap
1,136.2,0.21,0.3,13702.0,1198.05,12.5,2894.0,4316.5,26395.5,393.21,2088.92,35,indianapolis,0,0,0,365
2,263.6,0.12,0.13,20504.5,1641.72,6.65,400.0,6421.0,37978.75,528.58,2915.21,10,indianapolis,0,0,0,365
3,459.15,0.32,0.34,64599.5,5078.63,5.5,200.0,14773.75,117665.0,1183.82,9203.31,4,indianapolis,0,0,0,365
4,951.65,0.38,0.4,157947.5,12033.11,4.65,375.0,99972.25,215922.75,7759.27,16306.96,2,indianapolis,0,0,0,365
5,1827.7,0.04,0.06,31837.0,2436.93,3.2,515.0,31837.0,31837.0,2436.93,2436.93,1,indianapolis,0,0,0,365
1,131.75,0.43,0.43,17487.5,1385.44,2.75,32.5,7269.0,30540.5,524.78,2153.83,26,los_angeles,1,1,1,120
2,185.9,0.38,0.49,21354.0,1703.43,3.5,60.0,17299.0,26372.0,1287.65,2087.25,17,los_angeles,1,1,1,120
3,259.8,0.28,0.31,24146.0,2263.0,4.1,90.0,18537.5,39852.5,1387.53,3070.71,11,los_angeles,1,1,1,120
4,448.6,0.14,0.16,30929.5,2436.0,3.55,135.5,24149.0,40746.25,2022.06,3111.37,4,los_angeles,1,1,1,120
5,402.0,0.2,0.2,35336.0,2872.47,4.2,100.0,32195.0,47721.0,2416.36,3585.12,5,los_angeles,1,1,1,120
6,627.4,0.13,0.13,29163.0,2091.47,3.8,300.0,25203.0,58143.0,1914.63,4235.02,3,los_angeles,1,1,1,120
1,148.1,0.12,0.13,5003.0,393.25,5.5,77.0,3134.5,8893.5,235.75,737.8,15,las_vegas,1,0,0,365
2,115.25,0.26,0.43,7772.0,669.49,10.2,2558.0,3728.25,14881.75,329.82,1238.46,6,las_vegas,1,0,0,365
3,231.4,0.35,0.45,27383.0,1852.57,3.6,189.0,20349.0,66362.0,1374.17,4826.67,13,las_vegas,1,0,0,365
4,377.7,0.37,0.41,58769.0,4263.48,3.3,251.5,41326.5,85938.25,2842.45,6225.22,20,las_vegas,1,0,0,365
5,351.7,0.31,0.34,42460.5,3154.48,7.1,295.0,27556.5,64088.25,2191.57,4366.51,6,las_vegas,1,0,0,365
6,530.65,0.33,0.37,69113.5,5357.17,9.6,285.0,59541.75,78685.25,4601.36,6112.99,2,las_vegas,1,0,0,365
1,115.4,0.59,0.65,27284.0,1933.13,3.8,99.0,21783.0,34780.0,1650.33,2449.55,7,anaheim,1,0,0,365
2,197.0,0.75,0.76,53439.0,3850.35,3.8,95.0,47266.0,81796.0,3368.83,5990.55,15,anaheim,1,0,0,365
3,408.35,0.62,0.67,106813.0,8165.47,4.15,247.5,69831.0,129245.5,4917.64,9245.99,14,anaheim,1,0,0,365
4,562.6,0.6,0.62,129554.0,9490.8,4.1,275.0,93385.0,187686.0,6673.33,13926.21,17,anaheim,1,0,0,365
5,664.2,0.84,0.87,234549.0,16881.75,4.3,522.0,234549.0,234549.0,16881.75,16881.75,1,anaheim,1,0,0,365
6,774.3,0.56,0.58,205440.0,15167.09,4.05,382.5,162967.25,224415.25,11700.8,17274.64,4,anaheim,1,0,0,365
1,132.3,0.36,0.46,18257.0,1499.88,6.0,70.0,7398.0,30843.0,635.52,2250.73,25,austin,1,0,0,365
2,195.4,0.36,0.51,26170.5,2120.26,4.9,110.0,17074.25,47870.25,1343.63,3412.1,18,austin,1,0,0,365
3,278.0,0.14,0.14,14756.0,1149.09,3.7,145.5,10938.0,27735.5,754.02,1975.25,10,austin,1,0,0,365
4,387.6,0.05,0.07,14265.0,831.02,6.0,251.0,6557.0,31704.0,484.5,2756.83,5,austin,1,0,0,365
5,601.2,0.25,0.31,51115.0,3429.42,5.4,289.0,26534.25,80201.0,1684.12,5425.63,4,austin,1,0,0,365
1,130.1,0.52,0.6,28920.0,2059.92,5.2,125.0,6134.0,34172.0,448.8,2672.7,9,four_corners,0,0,0,365
2,151.05,0.56,0.59,30102.0,2181.66,5.2,139.0,17885.0,38775.0,1322.99,2836.44,10,four_corners,0,0,0,365
3,154.7,0.19,0.27,11224.0,829.4,5.8,131.0,5170.0,24388.0,393.02,1809.83,23,four_corners,0,0,0,365
4,180.5,0.3,0.38,22845.0,1633.18,6.4,170.0,9563.5,40541.5,675.16,3191.1,19,four_corners,0,0,0,365
5,212.1,0.21,0.26,17439.0,1323.36,6.6,215.5,11037.75,24791.25,840.99,1854.92,6,four_corners,0,0,0,365
6,311.0,0.14,0.15,20175.5,1518.9,6.5,253.0,14767.0,29758.0,1127.88,2404.74,8,four_corners,0,0,0,365
1,94.7,0.2,0.28,7473.0,631.93,4.8,58.0,2705.0,15149.5,228.75,1171.02,39,houston,0,0,0,365
2,160.05,0.26,0.41,16858.0,1293.36,7.1,120.0,5761.5,30539.75,451.91,2612.53,12,houston,0,0,0,365
3,173.6,0.15,0.17,10125.5,801.75,10.75,199.5,6110.75,22633.75,471.06,1920.27,8,houston,0,0,0,365
4,879.4,0.04,0.04,10320.0,952.68,4.3,275.0,10320.0,10320.0,952.68,952.68,1,houston,0,0,0,365
5,379.2,0.19,0.21,28915.0,2180.4,2.5,231.0,28915.0,28915.0,2180.4,2180.4,1,houston,0,0,0,365
1,118.2,0.34,0.47,12014.0,869.66,4.2,85.0,7987.0,16980.25,582.16,1257.52,4,kissimmee,1,0,0,365
2,143.6,0.25,0.44,14189.0,1052.33,4.7,117.0,12403.5,28825.5,990.2,2118.88,11,kissimmee,1,0,0,365
3,148.1,0.22,0.28,16409.5,1218.36,7.3,134.0,7298.0,30140.75,626.25,2507.54,26,kissimmee,1,0,0,365
4,181.4,0.18,0.3,11193.0,812.53,6.4,175.0,6709.0,32802.0,516.75,2351.82,29,kissimmee,1,0,0,365
5,267.3,0.17,0.23,19189.5,1419.94,4.05,150.0,15165.5,24888.0,999.29,1965.86,4,kissimmee,1,0,0,365
6,308.85,0.15,0.21,20433.5,1487.1,5.0,207.5,15692.5,30258.75,1177.05,2204.59,6,kissimmee,1,0,0,365
1,157.95,0.36,0.43,26888.5,2173.34,4.5,87.5,17651.25,37926.0,1395.05,3246.91,42,miami,1,0,0,365
2,307.4,0.22,0.29,28003.0,1912.7,6.2,259.0,14132.0,38404.0,1086.48,2891.48,13,miami,1,0,0,365
3,355.9,0.31,0.48,53055.5,4157.25,8.05,163.0,30131.75,81871.25,2355.58,6292.97,8,miami,1,0,0,365
4,562.8,0.2,0.21,26158.0,1906.35,3.6,752.0,24543.0,35297.0,1777.98,2688.48,3,miami,1,0,0,365
1,100.85,0.33,0.48,13164.0,1009.05,4.45,80.0,6048.25,26989.5,521.56,1982.07,30,portland,1,1,0,365
2,142.4,0.23,0.39,17975.0,1632.0,6.3,120.0,7581.0,21905.0,649.72,1735.33,7,portland,1,1,0,365
3,161.65,0.12,0.16,6200.0,558.52,13.6,72.5,4686.25,26229.25,432.02,2021.82,4,portland,1,1,0,365
4,416.0,0.44,0.44,73612.0,5235.18,3.9,250.0,43676.5,80195.5,3120.26,5965.25,3,portland,1,1,0,365
6,338.4,0.55,0.58,73546.0,5640.0,4.3,165.0,73546.0,73546.0,5640.0,5640.0,1,portland,1,1,0,365
1,155.6,0.3,0.32,16914.0,1390.42,5.6,125.0,10783.0,30290.0,812.35,2245.65,29,san_diego,1,0,0,365
2,314.7,0.36,0.46,38835.5,2788.65,6.35,147.5,20821.5,60622.25,1650.69,4552.84,24,san_diego,1,0,0,365
3,468.9,0.36,0.46,69790.0,5918.5,4.0,200.0,60719.0,91955.0,4493.62,6920.7,9,san_diego,1,0,0,365
4,458.45,0.35,0.44,43197.0,3170.17,7.95,250.0,39042.5,47351.5,2777.84,3562.5,2,san_diego,1,0,0,365
5,1022.5,0.36,0.41,144399.0,11299.6,4.2,435.0,143016.0,189512.0,10651.04,14395.6,5,san_diego,1,0,0,365
6,1337.1,0.05,0.05,24894.0,2005.65,4.5,0.0,24894.0,24894.0,2005.65,2005.65,1,san_diego,1,0,0,365
1,148.25,0.44,0.6,20000.5,1613.2,10.55,1299.5,11639.25,35810.0,890.9,2685.01,40,san_francisco,1,1,1,90
2,341.3,0.36,0.58,56578.5,4775.05,17.15,2780.5,15713.5,99338.75,1359.21,8193.43,4,san_francisco,1,1,1,90
3,532.1,0.26,0.43,34232.0,2694.0,7.0,260.0,25558.5,81555.5,2033.45,7534.92,7,san_francisco,1,1,1,90
4,1032.3,0.2,0.33,50981.0,4697.86,7.75,225.5,43744.75,82780.5,3477.58,7411.38,4,san_francisco,1,1,1,90
5,433.6,0.5,0.53,78977.0,6612.4,7.6,0.0,78977.0,78977.0,6612.4,6612.4,1,san_francisco,1,1,1,90
1,128.0,0.33,0.52,17728.0,1298.5,6.1,65.0,8678.0,30116.0,597.7,2333.43,31,seattle,1,0,0,365
2,226.6,0.28,0.4,25650.0,1976.0,5.6,140.0,8435.0,41420.0,702.6,2858.01,13,seattle,1,0,0,365
3,278.8,0.39,0.39,53348.0,3299.13,3.7,55.0,40713.0,67941.0,3140.67,5520.6,5,seattle,1,0,0,365
6,1011.5,0.26,0.27,113339.0,8092.0,3.2,615.0,113339.0,113339.0,8092.0,8092.0,1,seattle,1,0,0,365
1,170.1,0.3,0.3,17445.0,1289.92,5.7,103.0,14195.0,19002.0,1158.26,1571.2,5,south_lake_tahoe,1,0,0,365
2,230.4,0.11,0.12,8160.0,679.82,4.0,250.0,3520.25,20424.25,293.69,1569.58,12,south_lake_tahoe,1,0,0,365
3,337.2,0.19,0.24,29110.0,2112.53,5.3,288.0,17451.0,49939.0,1276.17,3547.92,29,south_lake_tahoe,1,0,0,365
4,542.1,0.18,0.2,36180.0,2383.85,3.5,408.0,22443.0,65924.0,1765.63,4456.47,13,south_lake_tahoe,1,0,0,365
5,766.8,0.05,0.07,14484.0,1009.0,5.7,750.0,14165.0,17910.0,768.9,1161.67,5,south_lake_tahoe,1,0,0,365
6,1142.1,0.29,0.32,214933.0,15550.71,2.9,599.0,164980.5,228680.0,11841.34,15912.82,3,south_lake_tahoe,1,0,0,365
1,146.2,0.26,0.28,14132.0,973.0,4.8,75.0,5719.0,28445.0,417.38,2202.87,29,washington,1,1,1,90
2,197.8,0.3,0.3,26170.0,1978.38,4.7,87.0,15935.0,40014.0,1236.25,2825.1,9,washington,1,1,1,90
3,336.1,0.15,0.22,19053.0,1568.47,4.8,200.0,15134.0,42668.0,1272.33,3145.0,5,washington,1,1,1,90
4,399.1,0.37,0.37,61949.0,4523.13,4.0,200.0,33078.5,83593.5,2426.32,6294.52,3,washington,1,1,1,90
5,697.3,0.03,0.03,7300.0,581.08,5.0,250.0,7300.0,7300.0,581.08,581.08,1,washington,1,1,1,90
