listing_id,listing_type,room_type,latitude,longitude,guests,bedrooms,beds,baths,superhost,instant_book,professional_management,guest_favorite,min_nights,amenities,cleaning_fee,extra_guest_fee,photos_count,num_reviews,rating_overall,rating_cleanliness,rating_location,rating_value,ttm_revenue,ttm_avg_rate,ttm_occupancy,ttm_adjusted_occupancy,ttm_avg_length_of_stay,ttm_reserved_days,ttm_revpar,l90d_revenue,l90d_avg_rate,l90d_occupancy,market,amenities_count,monthly_revenue,permit_required,owner_occupancy,has_night_cap,night_cap
958,Entire serviced apartment,entire_home,37.7703,-122.4332,3.0,1,2,1.0,1,0,0,1,2,"Bathtub,Hair dryer,Cleaning products,Shampoo,Conditioner,Body soap,Hot water,Shower gel,Washer,Dryer,Essentials,Hangers,Bed linens,Extra pillows and blankets,Room-darkening shades,Iron,Drying rack for clothing,Clothing storage,TV,Sound system,Books and reading material,Crib,Pack ’n play/Travel crib,Children’s books and toys,Children’s dinnerware,Board games,Heating,Smoke alarm,Carbon monoxide alarm,First aid kit,Wifi,Refrigerator,Microwave,Cooking basics,Dishes and silverware,Freezer,Hot water kettle,Coffee maker,Wine glasses,Toaster,Dining table,Coffee,Private entrance,Patio or balcony,Backyard,Outdoor furniture,Outdoor dining area,BBQ grill,Luggage dropoff allowed,Self check-in,Keypad,Cleaning before checkout",150.0,0.0,26,533,4.89,4.9,5.0,4.8,76496.0,210.6,0.877,0.884,4.4,320,182.9,19585.0,223.0,0.844,san_francisco,52,5616.0,1,1,1,90
11490,Entire condo,entire_home,37.7914,-122.41149,2.0,1,1,0.0,1,0,0,0,30,"Wifi,Bathtub,Hair dryer,Cleaning products,Conditioner,Washer,Dryer,Essentials,Hangers,Bed linens,Extra pillows and blankets,Room-darkening shades,Iron,Ethernet connection,TV,Record player,Sound system,Books and reading material,Portable fans,Heating,Heating,Lock on bedroom door,Smoke alarm,Fire extinguisher,First aid kit,Wifi,Dedicated workspace,Kitchen,Refrigerator,Microwave,Cooking basics,Dishes and silverware,Freezer,Dishwasher,Stove,Oven,Hot water kettle,Coffee maker,Wine glasses,Baking sheet,Blender,Rice maker,Dining table,Coffee,Patio or balcony,Elevator,Private living room,Long term stays allowed",2924.0,,9,43,4.78,4.7,5.0,4.8,1099.0,97.2,0.036,0.077,6.5,13,3.0,0.0,108.6,0.0,san_francisco,48,105.30000000000001,1,1,1,90
18231,Entire rental unit,entire_home,37.7486,-122.4286,3.0,1,2,1.0,0,0,0,0,30,"Hair dryer,Shampoo,Hot water,Washer,Dryer,Essentials,Hangers,Iron,TV,Heating,Smoke alarm,Carbon monoxide alarm,Fire extinguisher,First aid kit,Wifi,Dedicated workspace,Kitchen,Refrigerator,Microwave,Cooking basics,Dishes and silverware,Dishwasher,Stove,Oven,Coffee maker,Patio or balcony,Backyard,Outdoor furniture,Free street parking,Pets allowed,Host greets you",3054.0,0.0,6,75,4.84,4.8,4.9,4.7,12171.0,104.7,0.34,0.554,31.0,124,33.3,0.0,113.7,0.0,san_francisco,31,1081.9,1,1,1,90
21334,Entire loft,entire_home,37.7962,-122.41562,2.0,1,1,1.0,0,0,0,0,30,"Wifi,Ocean view,TV,Smoking allowed,Hair dryer,Shampoo,Hot water,Washer,Dryer,Essentials,Hangers,Bed linens,Extra pillows and blankets,Iron,Ethernet connection,TV,Heating,Smoke alarm,Carbon monoxide alarm,Fire extinguisher,First aid kit,Wifi,Dedicated workspace,Pocket wifi,Kitchen,Refrigerator,Microwave,Cooking basics,Dishes and silverware,Stove,Oven,Coffee maker,Private entrance,Hot tub",5669.0,25.0,28,126,4.88,4.6,4.9,4.8,7237.0,214.0,0.09,0.09,33.0,33,19.8,0.0,222.3,0.0,san_francisco,34,588.5,1,1,1,90
29557,Entire rental unit,entire_home,37.77851,-122.504,4.0,1,2,1.0,1,0,0,1,2,"Bathtub,Hair dryer,Shampoo,Conditioner,Body soap,Hot water,Essentials,Hangers,Bed linens,Extra pillows and blankets,Room-darkening shades,Iron,Clothing storage,TV,Books and reading material,Crib,Pack ’n play/Travel crib,Children’s books and toys,Children’s dinnerware,Heating,Smoke alarm,Carbon monoxide alarm,Fire extinguisher,First aid kit,Wifi,Dedicated workspace,Refrigerator,Microwave,Dishes and silverware,Mini fridge,Hot water kettle,Coffee maker,Wine glasses,Coffee,Beach access,Private entrance,Laundromat nearby,Patio or balcony,Backyard,Outdoor furniture,Outdoor dining area,Free street parking,Paid parking off premises,Luggage dropoff allowed,Breakfast,Long term stays allowed",1.0,0.0,5,152,4.97,4.9,4.9,4.9,42211.0,208.2,0.542,0.676,5.4,198,115.6,15039.0,226.1,0.733,san_francisco,46,3435.2999999999997,1,1,1,90
33578,Entire home,entire_home,37.7645,-122.3964,2.0,1,1,1.0,1,0,0,1,1,"Hair dryer,Shampoo,Conditioner,Body soap,Hot water,Shower gel,Washer,Dryer,Essentials,Hangers,Bed linens,Extra pillows and blankets,Iron,Clothing storage,Ethernet connection,TV,Books and reading material,Ceiling fan,Heating,Exterior security cameras on property,Smoke alarm,Carbon monoxide alarm,Fire extinguisher,First aid kit,Wifi,Dedicated workspace,Pocket wifi,Refrigerator,Microwave,Dishes and silverware,Mini fridge,Hot water kettle,Coffee maker,Wine glasses,Dining table,Coffee,Private entrance,Patio or balcony,Backyard,Outdoor furniture,Outdoor dining area,Luggage dropoff allowed,Self check-in,Lockbox",175.0,0.0,30,854,4.96,4.9,4.9,4.8,76633.0,367.9,0.518,0.518,2.7,189,184.5,18905.0,377.9,0.5,san_francisco,44,5794.424999999999,1,1,1,90
40092,Entire rental unit,entire_home,37.7617,-122.41887,2.0,1,1,1.0,0,0,0,0,30,"Bathtub,Hair dryer,Hot water,Washer,Dryer,Essentials,Hangers,Iron,TV,Pack ’n play/Travel crib,Heating,Smoke alarm,Carbon monoxide alarm,Wifi,Kitchen,Refrigerator,Microwave,Cooking basics,Dishes and silverware,Stove,Oven,Coffee maker,Patio or balcony,Backyard,Outdoor furniture,BBQ grill,Pets allowed,Luggage dropoff allowed,Long term stays allowed,Self check-in,Keypad",4244.0,,16,110,4.64,4.6,4.4,4.6,19946.0,122.0,0.444,0.794,20.3,162,54.6,3328.0,125.1,0.289,san_francisco,31,1647.0,1,1,1,90
44032,Entire rental unit,entire_home,37.75158,-122.41158,2.0,1,1,1.0,1,0,0,1,30,"Hair dryer,Shampoo,Conditioner,Body soap,Hot water,Essentials,Hangers,Bed linens,Extra pillows and blankets,Room-darkening shades,Iron,Drying rack for clothing,Clothing storage,TV,Ceiling fan,Heating,Exterior security cameras on property,Smoke alarm,Carbon monoxide alarm,Fire extinguisher,Wifi,Dedicated workspace,Microwave,Cooking basics,Dishes and silverware,Mini fridge,Stove,Hot water kettle,Coffee maker,Wine glasses,Toaster,Private entrance,Laundromat nearby,Free street parking,Paid parking off premises,Luggage dropoff allowed,Long term stays allowed,Self check-in,Keypad,Cleaning before checkout",0.0,,16,306,4.84,4.9,4.6,4.8,6416.0,84.4,0.208,0.208,76.0,76,17.6,0.0,0.0,0.0,san_francisco,40,534.5333333333334,1,1,1,90
45299,Entire guest suite,entire_home,37.76122,-122.43297,2.0,1,1,1.0,0,0,0,0,8,"Hair dryer,Shampoo,Hot water,Shower gel,Essentials,Hangers,Bed linens,Extra pillows and blankets,Iron,TV,Heating,Smoke alarm,Carbon monoxide alarm,Fire extinguisher,Wifi,Refrigerator,Microwave,Dishes and silverware,Private entrance,Backyard,Luggage dropoff allowed,Self check-in,Lockbox",75.0,0.0,19,188,4.65,4.5,4.9,4.6,33554.0,114.4,0.74,0.839,10.0,270,87.2,5989.0,112.3,0.5,san_francisco,23,2574.0,1,1,1,90
47682,Entire rental unit,entire_home,37.79186,-122.42429,2.0,1,1,1.0,1,0,0,1,30,"Hair dryer,Shampoo,Hot water,Washer,Dryer,Essentials,Hangers,Iron,Heating,Exterior security cameras on property,Smoke alarm,Carbon monoxide alarm,Fire extinguisher,Wifi,Dedicated workspace,Kitchen,Refrigerator,Microwave,Cooking basics,Dishes and silverware,Freezer,Dishwasher,Stove,Oven,Hot water kettle,Coffee maker,Wine glasses,Toaster,Luggage dropoff allowed,Long term stays allowed,Host greets you",4422.0,,10,41,4.88,4.8,4.9,4.8,17941.0,148.1,0.326,0.531,17.0,119,49.2,179.0,166.0,0.011,san_francisco,31,1468.658333333333,1,1,1,90
51557,Entire rental unit,entire_home,37.7714,-122.42935,2.0,1,1,1.0,0,0,0,0,183,"Bathtub,Hair dryer,Cleaning products,Shampoo,Body soap,Hot water,Washer,Essentials,Hangers,Bed linens,Extra pillows and blankets,Room-darkening shades,Iron,Drying rack for clothing,Clothing storage,TV,Indoor fireplace,Heating,Smoke alarm,Carbon monoxide alarm,Fire extinguisher,Wifi,Dedicated workspace,Kitchen,Refrigerator,Microwave,Cooking basics,Dishes and silverware,Hot water kettle,Coffee maker,Wine glasses,Dining table,Private entrance,Patio or balcony,Backyard,Outdoor furniture,Outdoor dining area,Free street parking,Luggage dropoff allowed,Long term stays allowed,Self check-in,Lockbox",0.0,,8,109,4.89,4.9,4.9,4.8,10044.0,799.3,0.033,0.033,6.0,12,27.5,7522.0,1253.3,0.067,san_francisco,42,799.2999999999998,1,1,1,90
54518,Entire condo,entire_home,37.79197,-122.40148,2.0,1,1,1.0,0,0,0,0,30,"Wifi,Bathtub,Hair dryer,Hot water,Washer,Dryer,Essentials,Hangers,Bed linens,Extra pillows and blankets,Room-darkening shades,Iron,Ethernet connection,TV,Sound system,Books and reading material,Portable fans,Heating,Exterior security cameras on property,Smoke alarm,Carbon monoxide alarm,Fire extinguisher,First aid kit,Wifi,Dedicated workspace,Kitchen,Refrigerator,Microwave,Cooking basics,Dishes and silverware,Freezer,Dishwasher,Stove,Oven,Hot water kettle,Coffee maker,Wine glasses,Toaster,Baking sheet,Rice maker,Dining table,Coffee,Patio or balcony,Outdoor furniture,Outdoor dining area,Sun loungers,Elevator,Paid parking off premises,Doorman,Single level home,Long term stays allowed,Cleaning before checkout,Host greets you",5270.0,,47,26,4.56,4.7,4.8,4.7,12839.0,148.4,0.26,0.49,19.0,95,35.2,0.0,164.2,0.0,san_francisco,53,1174.8333333333333,1,1,1,90
54634,Entire rental unit,entire_home,37.79352,-122.42649,2.0,1,1,1.0,1,0,0,0,30,"Hair dryer,Hot water,Washer,Dryer,Essentials,Hangers,Iron,Heating,Exterior security cameras on property,Smoke alarm,Carbon monoxide alarm,Wifi,Dedicated workspace,Kitchen,Refrigerator,Microwave,Cooking basics,Dishes and silverware,Stove,Oven,Coffee maker,Self check-in,Lockbox",3835.0,,9,53,4.74,4.5,4.9,4.5,1995.0,138.4,0.038,0.054,3.5,14,5.5,0.0,149.6,0.0,san_francisco,23,161.46666666666667,1,1,1,90
55632,Entire rental unit,entire_home,37.77927,-122.48432,4.0,1,2,1.0,1,0,0,0,30,"Hair dryer,Cleaning products,Shampoo,Conditioner,Body soap,Bidet,Hot water,Shower gel,Washer,Dryer,Essentials,Hangers,Bed linens,Extra pillows and blankets,Room-darkening shades,Iron,Drying rack for clothing,Clothing storage,Ethernet connection,TV,Sound system,Game console,Books and reading material,Fireplace guards,Babysitter recommendations,Indoor fireplace,Portable fans,Heating,Smoke alarm,Carbon monoxide alarm,Fire extinguisher,First aid kit,Wifi,Dedicated workspace,Kitchen,Refrigerator,Microwave,Cooking basics,Dishes and silverware,Freezer,Dishwasher,Stove,Oven,Hot water kettle,Coffee maker,Wine glasses,Toaster,Baking sheet,Blender,Dining table,Coffee,Free street parking,Luggage dropoff allowed,Long term stays allowed,Self check-in,Lockbox,Cleaning before checkout",4434.0,,22,15,4.8,4.9,4.8,4.9,5787.0,140.0,0.115,0.187,21.0,42,15.9,144.0,143.3,0.011,san_francisco,57,490.0,1,1,1,90
57561,Entire condo,entire_home,37.7479,-122.41381,2.0,1,1,1.0,1,0,0,0,30,"Garden view,Hair dryer,Cleaning products,Shampoo,Body soap,Hot water,Washer,Dryer,Essentials,Hangers,Bed linens,Extra pillows and blankets,Room-darkening shades,Iron,Clothing storage,TV,Heating,Smoke alarm,Carbon monoxide alarm,Wifi,Kitchen,Refrigerator,Microwave,Cooking basics,Dishes and silverware,Freezer,Dishwasher,Stove,Oven,Coffee maker,Toaster,Coffee,Patio or balcony,Backyard,Outdoor furniture,Outdoor dining area,Free parking on premises,Self check-in,Keypad",2923.0,,15,240,4.65,4.6,4.4,4.6,29024.0,127.0,0.57,0.86,16.0,208,79.5,115.0,110.1,0.011,san_francisco,39,2201.3333333333335,1,1,1,90
60101,Entire home,entire_home,37.73482,-122.41559,9.0,5,4,2.0,1,0,0,1,5,"Hair dryer,Cleaning products,Shampoo,Hot water,Washer,Dryer,Essentials,Hangers,Bed linens,Room-darkening shades,Iron,TV,Heating,Smoke alarm,Carbon monoxide alarm,Fire extinguisher,Wifi,Kitchen,Refrigerator,Microwave,Cooking basics,Dishes and silverware,Dishwasher,Stove,Oven,Hot water kettle,Coffee maker,Baking sheet,Dining table,Private entrance,Laundromat nearby,Outdoor dining area,Free street parking,Luggage dropoff allowed,Self check-in,Lockbox",0.0,0.0,19,31,5.0,4.9,4.9,4.8,78977.0,433.6,0.501,0.532,7.6,183,216.4,0.0,429.2,0.0,san_francisco,36,6612.400000000001,1,1,1,90
63247,Entire guest suite,entire_home,37.74921,-122.41422,2.0,1,1,1.0,1,0,0,0,2,"Hair dryer,Shampoo,Conditioner,Body soap,Hot water,Essentials,Hangers,Bed linens,Extra pillows and blankets,Iron,Clothing storage,TV,Heating,Smoke alarm,Carbon monoxide alarm,Fire extinguisher,Wifi,Dedicated workspace,Microwave,Dishes and silverware,Mini fridge,Hot water kettle,Coffee maker,Wine glasses,Private entrance,Free street parking,Self check-in,Keypad",105.0,15.0,13,446,4.69,4.6,4.7,4.6,15510.0,317.2,0.126,0.126,7.7,46,41.1,0.0,0.0,0.0,san_francisco,28,1215.9333333333332,1,1,1,90
68239,Entire rental unit,entire_home,37.75393,-122.42505,2.0,1,1,1.0,0,0,0,0,30,"Hair dryer,Shampoo,Hot water,Essentials,Hangers,Bed linens,Extra pillows and blankets,Iron,Ethernet connection,TV,Air conditioning,Heating,Smoke alarm,Carbon monoxide alarm,Fire extinguisher,First aid kit,Wifi,Dedicated workspace,Kitchen,Refrigerator,Microwave,Cooking basics,Dishes and silverware,Stove,Oven,Coffee maker,Private entrance,Patio or balcony,Long term stays allowed,Self check-in,Lockbox",5097.0,,29,55,4.77,4.8,4.9,4.6,20055.0,197.4,0.252,0.341,23.0,92,54.9,0.0,185.6,0.0,san_francisco,31,1513.3999999999999,1,1,1,90
69410,Entire home,entire_home,37.77585,-122.46413,2.0,1,2,1.0,1,0,0,1,30,"Bathtub,Hair dryer,Cleaning products,Shampoo,Conditioner,Body soap,Hot water,Shower gel,Essentials,Hangers,Bed linens,Extra pillows and blankets,Iron,Drying rack for clothing,Clothing storage,TV,Heating,Smoke alarm,Carbon monoxide alarm,Fire extinguisher,Wifi,Dedicated workspace,Refrigerator,Microwave,Cooking basics,Dishes and silverware,Hot water kettle,Coffee maker,Wine glasses,Toaster,Rice maker,Dining table,Private entrance,Laundromat nearby,Free street parking,Luggage dropoff allowed,Long term stays allowed,Self check-in,Keypad",2793.0,,5,79,4.92,4.8,4.9,4.8,18945.0,89.4,0.581,0.926,35.3,212,51.9,1272.0,97.3,0.144,san_francisco,39,1579.4000000000003,1,1,1,90
71645,Entire guest suite,entire_home,37.74409,-122.40846,2.0,1,1,1.0,1,0,0,1,3,"Garden view,Hair dryer,Cleaning products,Shampoo,Conditioner,Body soap,Hot water,Shower gel,Washer,Dryer,Essentials,Hangers,Bed linens,Extra pillows and blankets,Iron,Clothing storage,TV,Books and reading material,Air conditioning,Heating,Exterior security cameras on property,Smoke alarm,Carbon monoxide alarm,Wifi,Dedicated workspace,Kitchen,Refrigerator,Microwave,Cooking basics,Dishes and silverware,Mini fridge,Freezer,Stove,Oven,Hot water kettle,Coffee maker,Wine glasses,Toaster,Coffee,Patio or balcony,Backyard,Outdoor furniture,Outdoor dining area,Free street parking,Luggage dropoff allowed,Self check-in,Keypad",90.0,0.0,29,450,4.95,5.0,4.8,4.9,56458.0,163.7,0.849,0.904,4.5,310,138.9,11347.0,170.0,0.644,san_francisco,47,4228.916666666667,1,1,1,90
81158,Entire condo,entire_home,37.78408,-122.44436,4.0,1,2,1.0,1,0,0,1,30,"Bathtub,Hair dryer,Shampoo,Hot water,Washer,Dryer,Essentials,Hangers,Bed linens,Extra pillows and blankets,Iron,Ethernet connection,TV,Outlet covers,Heating,Smoke alarm,Carbon monoxide alarm,Fire extinguisher,First aid kit,Wifi,Kitchen,Refrigerator,Microwave,Cooking basics,Dishes and silverware,Dishwasher,Stove,Oven,Coffee maker,Private entrance,Patio or balcony,Backyard,BBQ grill,Free street parking,Paid parking off premises,Single level home,Luggage dropoff allowed,Long term stays allowed,Self check-in,Lockbox",2659.0,,42,43,4.86,4.7,5.0,4.8,21534.0,94.2,0.638,0.787,15.5,233,59.0,816.0,100.7,0.089,san_francisco,40,1829.0500000000002,1,1,1,90
109883,Entire guest suite,entire_home,37.73241,-122.46432,4.0,1,2,1.0,1,0,0,1,2,"Cable TV,Bathtub,Hair dryer,Cleaning products,Shampoo,Conditioner,Body soap,Hot water,Essentials,Hangers,Bed linens,Extra pillows and blankets,Room-darkening shades,Iron,Clothing storage,TV,Books and reading material,Pack ’n play/Travel crib,Portable fans,Heating,Exterior security cameras on property,Smoke alarm,Carbon monoxide alarm,Fire extinguisher,First aid kit,Wifi,Dedicated workspace,Microwave,Dishes and silverware,Mini fridge,Hot water kettle,Coffee maker,Wine glasses,Toaster,Dining table,Coffee,Private entrance,Laundromat nearby,Patio or balcony,Fire pit,Outdoor furniture,Outdoor dining area,Free parking on premises,Free street parking,Luggage dropoff allowed,Self check-in,Keypad",60.0,0.0,22,569,4.76,4.8,4.8,4.7,34632.0,151.0,0.575,0.575,3.2,210,85.3,7809.0,185.7,0.456,san_francisco,47,2642.5,1,1,1,90
124011,Entire home,entire_home,37.7642,-122.4698,6.0,4,4,2.5,1,0,0,0,7,"TV,Cable TV,Children’s books and toys,Wifi,Kitchen,Pack ’n play/Travel crib,Free parking on premises,Game console,Hot water,Body soap,Bed linens,Extra pillows and blankets,Free street parking,Ethernet connection,Microwave,Cleaning products,Coffee maker,Refrigerator,Dishwasher,Dishes and silverware,Heating,Cooking basics,Oven,Stove,Washer,Dryer,Smoke alarm,Carbon monoxide alarm,Patio or balcony,First aid kit,Backyard,Fire extinguisher,Essentials,Shampoo,Hangers,Hair dryer,Iron,Dedicated workspace,Self check-in,Lockbox,Private entrance,Bathtub",200.0,0.0,54,37,4.97,4.8,4.9,4.7,29218.0,693.1,0.107,0.108,7.8,39,77.3,0.0,630.0,0.0,san_francisco,42,2252.5750000000003,1,1,1,90
128230,Entire rental unit,entire_home,37.75737,-122.43566,3.0,1,2,1.0,0,0,0,0,30,"Garden view,Bathtub,Hair dryer,Shampoo,Conditioner,Body soap,Hot water,Shower gel,Washer,Dryer,Essentials,Hangers,Bed linens,Extra pillows and blankets,Room-darkening shades,Iron,Drying rack for clothing,Safe,Clothing storage,TV,Books and reading material,Heating,Smoke alarm,Carbon monoxide alarm,Fire extinguisher,First aid kit,Wifi,Dedicated workspace,Kitchen,Refrigerator,Microwave,Cooking basics,Dishes and silverware,Dishwasher,Stove,Oven,Wine glasses,Toaster,Baking sheet,Dining table,Coffee,Backyard,Free street parking,Long term stays allowed",10515.0,,33,175,4.93,4.9,4.9,4.8,28821.0,382.5,0.208,0.259,0.0,76,79.0,7188.0,384.4,0.211,san_francisco,44,2422.5,1,1,1,90
137129,Entire home,entire_home,37.787331,-122.463714,6.0,3,3,3.0,1,0,0,0,2,"Bathtub,Hair dryer,Shampoo,Conditioner,Body soap,Hot water,Washer,Dryer,Essentials,Hangers,Bed linens,Iron,Clothing storage,TV,Piano,Indoor fireplace,Heating,Smoke alarm,Carbon monoxide alarm,Fire extinguisher,First aid kit,Wifi,Dedicated workspace,Kitchen,Refrigerator,Microwave,Cooking basics,Dishes and silverware,Freezer,Dishwasher,Stove,Oven,Hot water kettle,Coffee maker,Wine glasses,Toaster,Baking sheet,Rice maker,Barbecue utensils,Dining table,Private entrance,Patio or balcony,Backyard,Fire pit,Outdoor furniture,Outdoor dining area,BBQ grill,Free parking on premises,Free street parking,Long term stays allowed,Self check-in,Lockbox",500.0,0.0,45,18,4.89,4.6,5.0,4.6,159141.0,967.2,0.477,0.637,7.0,174,407.2,3373.0,1117.4,0.022,san_francisco,52,14024.400000000001,1,1,1,90
138221,Entire rental unit,entire_home,37.77664,-122.45586,2.0,1,1,1.0,1,0,0,1,30,"Bathtub,Hair dryer,Shampoo,Hot water,Shower gel,Washer,Dryer,Essentials,Hangers,Bed linens,Extra pillows and blankets,Iron,TV,Heating,Smoke alarm,Carbon monoxide alarm,Fire extinguisher,First aid kit,Wifi,Dedicated workspace,Kitchen,Refrigerator,Microwave,Cooking basics,Dishes and silverware,Stove,Oven,Coffee maker,Baking sheet,Private entrance,Backyard,Free street parking,Single level home,Luggage dropoff allowed,Long term stays allowed,Self check-in,Keypad",100.0,0.0,24,92,4.84,4.7,4.8,4.7,26175.0,118.4,0.589,0.956,21.5,215,69.5,224.0,118.2,0.011,san_francisco,37,2121.3333333333335,1,1,1,90
138592,Entire home,entire_home,37.7564,-122.4286,8.0,4,5,2.0,0,0,0,1,5,"Wifi,Bathtub,Hair dryer,Cleaning products,Shampoo,Conditioner,Body soap,Hot water,Shower gel,Washer,Dryer,Essentials,Hangers,Bed linens,Extra pillows and blankets,Room-darkening shades,Iron,Books and reading material,Crib,Pack ’n play/Travel crib,Children’s books and toys,Children’s dinnerware,Board games,Baby safety gates,Indoor fireplace,Portable fans,Heating,Exterior security cameras on property,Smoke alarm,Carbon monoxide alarm,Fire extinguisher,Wifi,Dedicated workspace,Kitchen,Refrigerator,Microwave,Cooking basics,Dishes and silverware,Freezer,Dishwasher,Stove,Oven,Hot water kettle,Coffee maker,Wine glasses,Toaster,Baking sheet,Blender,Rice maker,Barbecue utensils,Dining table,Coffee,Private entrance,Patio or balcony,Backyard,BBQ grill,Free street parking,Pets allowed,Luggage dropoff allowed,Self check-in,Keypad",251.0,0.0,38,38,4.92,5.0,5.0,4.6,48587.0,1371.5,0.093,0.309,8.5,34,130.4,14391.0,1483.0,0.1,san_francisco,61,3885.9166666666665,1,1,1,90
150347,Entire rental unit,entire_home,37.75981,-122.4188,4.0,2,2,1.0,0,0,0,0,41,"Hair dryer,Hot water,Washer,Dryer,Essentials,Hangers,Iron,TV,Pack ’n play/Travel crib,Heating,Exterior security cameras on property,Smoke alarm,Carbon monoxide alarm,Wifi,Kitchen,Refrigerator,Microwave,Cooking basics,Dishes and silverware,Stove,Oven,Coffee maker,Patio or balcony,Backyard,Free parking on premises,Pets allowed,Long term stays allowed,Self check-in,Smart lock",5411.0,,17,138,4.73,4.6,4.4,4.6,17816.0,159.4,0.315,0.719,28.8,115,48.8,0.0,169.1,0.0,san_francisco,29,1527.5833333333333,1,1,1,90
166771,Entire rental unit,entire_home,37.76973,-122.44695,2.0,1,2,1.0,0,0,0,1,30,"Hair dryer,Shampoo,Hot water,Washer,Dryer,Essentials,Hangers,Room-darkening shades,Iron,TV,Children’s books and toys,Heating,Smoke alarm,Carbon monoxide alarm,Fire extinguisher,First aid kit,Wifi,Kitchen,Refrigerator,Microwave,Cooking basics,Dishes and silverware,Stove,Oven,Coffee maker,Private entrance,Free street parking,Paid parking off premises,Pets allowed,Luggage dropoff allowed,Long term stays allowed,Self check-in,Keypad",6232.0,,17,180,4.88,4.9,4.9,4.8,34997.0,198.7,0.458,0.635,13.9,167,95.9,15738.0,218.1,0.8,san_francisco,33,2765.241666666667,1,1,1,90
175090,Entire rental unit,entire_home,37.79203,-122.40284,2.0,1,1,1.0,0,0,0,0,30,"Hair dryer,Cleaning products,Shampoo,Conditioner,Body soap,Hot water,Essentials,Hangers,Bed linens,Extra pillows and blankets,Iron,Clothing storage,TV,Heating,Smoke alarm,Carbon monoxide alarm,Fire extinguisher,Wifi,Dedicated workspace,Kitchen,Refrigerator,Microwave,Cooking basics,Dishes and silverware,Coffee maker,Private entrance,Patio or balcony,Paid parking off premises,Luggage dropoff allowed,Long term stays allowed,Self check-in,Lockbox",3258.0,,5,35,4.53,4.7,4.9,4.3,18869.0,101.4,0.507,0.902,11.6,185,51.7,1671.0,100.6,0.189,san_francisco,32,1563.25,1,1,1,90
175102,Entire rental unit,entire_home,37.79175,-122.4045,2.0,1,1,1.0,0,0,0,0,30,"Hair dryer,Shampoo,Hot water,Washer,Dryer,Essentials,Hangers,Bed linens,Extra pillows and blankets,Iron,TV,Heating,Smoke alarm,Carbon monoxide alarm,Fire extinguisher,Wifi,Kitchen,Refrigerator,Microwave,Cooking basics,Dishes and silverware,Stove,Oven,Coffee maker,Private entrance,Paid parking off premises,Luggage dropoff allowed,Long term stays allowed,Self check-in,Lockbox",3516.0,,16,60,4.74,4.8,4.8,4.5,13903.0,110.9,0.356,0.591,32.5,130,38.1,234.0,117.4,0.022,san_francisco,30,1201.4166666666667,1,1,1,90
231129,Entire townhouse,entire_home,37.79278,-122.40998,8.0,4,4,3.0,0,0,0,0,2,"Hair dryer,Shampoo,Washer,Dryer,Essentials,Hangers,Bed linens,Iron,TV,Heating,Exterior security cameras on property,Smoke alarm,Carbon monoxide alarm,Wifi,Dedicated workspace,Kitchen,Refrigerator,Stove,Private entrance",300.0,0.0,80,78,4.41,4.6,4.8,4.3,170997.0,1405.3,0.307,0.354,3.0,112,443.8,46996.0,1473.7,0.333,san_francisco,19,13116.133333333333,1,1,1,90
238204,Entire guest suite,entire_home,37.74246,-122.50423,3.0,1,1,1.0,1,0,0,1,3,"Wifi,Hair dryer,Cleaning products,Shampoo,Body soap,Hot water,Shower gel,Essentials,Hangers,Bed linens,Extra pillows and blankets,Iron,Clothing storage,Ethernet connection,TV,Piano,Books and reading material,Heating,Exterior security cameras on property,Smoke alarm,Carbon monoxide alarm,Fire extinguisher,First aid kit,Wifi,Dedicated workspace,Kitchen,Refrigerator,Microwave,Cooking basics,Dishes and silverware,Freezer,Stove,Oven,Hot water kettle,Coffee maker,Wine glasses,Toaster,Baking sheet,Dining table,Coffee,Beach access,Laundromat nearby,Patio or balcony,Backyard,Free street parking,Luggage dropoff allowed,Host greets you",120.0,0.0,5,347,4.78,4.8,4.7,4.6,42420.0,190.2,0.559,0.56,5.4,204,106.4,12284.0,210.1,0.611,san_francisco,47,3233.3999999999996,1,1,1,90
251792,Entire home,entire_home,37.75474,-122.48924,8.0,3,6,3.0,0,0,0,0,2,"TV,Wifi,Kitchen,Board games,Free parking on premises,Hot water kettle,Ocean view,Conditioner,Free street parking,Hot tub,Cleaning products,Heating,Coffee,Clothing storage,Wine glasses,Washer,Dryer,Beach access,Smoke alarm,Carbon monoxide alarm,First aid kit,Fire extinguisher,Bidet,Essentials,Shampoo,Hangers,Hair dryer,Iron,Dedicated workspace,Self check-in,Outdoor dining area,Freezer,Keypad,Private entrance,Bathtub,Blender,Babysitter recommendations,Room-darkening shades,Hot water,Body soap,Bed linens,Extra pillows and blankets,Microwave,Coffee maker,Refrigerator,Dishwasher,Dishes and silverware,Cooking basics,Oven,Stove,Shower gel,Patio or balcony,Backyard,Beach essentials,Luggage dropoff allowed,Long term stays allowed,Dining table,Baking sheet",300.0,0.0,25,51,4.8,4.8,4.9,4.7,25333.0,532.1,0.115,0.119,3.5,42,60.4,2443.0,547.5,0.044,san_francisco,58,1862.3500000000001,1,1,1,90
269463,Entire rental unit,entire_home,37.76761,-122.45139,2.0,1,1,1.0,0,0,0,1,2,"Bathtub,Hair dryer,Cleaning products,Shampoo,Conditioner,Body soap,Bidet,Hot water,Washer,Dryer,Essentials,Hangers,Bed linens,Extra pillows and blankets,Room-darkening shades,Iron,Clothing storage,TV,Sound system,Books and reading material,Indoor fireplace,Heating,Exterior security cameras on property,Smoke alarm,Carbon monoxide alarm,Wifi,Kitchen,Refrigerator,Microwave,Cooking basics,Dishes and silverware,Freezer,Dishwasher,Stove,Oven,Hot water kettle,Coffee maker,Wine glasses,Toaster,Baking sheet,Blender,Barbecue utensils,Dining table,Coffee,Private entrance,Laundromat nearby,Patio or balcony,Backyard,Outdoor furniture,BBQ grill,Free street parking,Hot tub,Paid parking off premises,Luggage dropoff allowed,Smoking allowed,Self check-in,Smart lock",90.0,0.0,34,183,4.79,4.8,4.9,4.7,57577.0,280.7,0.548,0.877,11.1,200,154.3,16517.0,317.4,0.556,san_francisco,57,4678.333333333333,1,1,1,90
308885,Entire condo,entire_home,37.79739,-122.4052,4.0,1,2,1.0,0,0,0,0,30,"Wifi,Hair dryer,Cleaning products,Shampoo,Conditioner,Body soap,Hot water,Shower gel,Essentials,Hangers,Bed linens,Extra pillows and blankets,Room-darkening shades,Iron,Drying rack for clothing,Clothing storage,TV,Books and reading material,Indoor fireplace,Portable fans,Heating,Exterior security cameras on property,Smoke alarm,Carbon monoxide alarm,First aid kit,Dedicated workspace,Kitchen,Refrigerator,Microwave,Cooking basics,Dishes and silverware,Freezer,Stove,Oven,Hot water kettle,Coffee maker,Wine glasses,Toaster,Blender,Dining table,Coffee,Laundromat nearby,Patio or balcony,Long term stays allowed,Cleaning before checkout,Host greets you",3925.0,25.0,21,115,4.45,4.5,4.4,4.3,5164.0,134.6,0.099,0.114,12.0,36,14.1,0.0,146.6,0.0,san_francisco,46,403.79999999999995,1,1,1,90
314248,Entire home,entire_home,37.7895,-122.4354,6.0,3,4,2.5,1,0,0,1,6,"Hair dryer,Shampoo,Hot water,Shower gel,Washer,Dryer,Essentials,Iron,TV,Indoor fireplace,Heating,Smoke alarm,Carbon monoxide alarm,Wifi,Kitchen,Cooking basics,Dishes and silverware,Free parking on premises",200.0,0.0,44,86,4.91,4.7,4.9,4.8,89408.0,1052.6,0.268,0.415,8.2,98,238.9,3427.0,1112.6,0.044,san_francisco,18,8596.233333333332,1,1,1,90
314368,Entire condo,entire_home,37.80333,-122.40962,5.0,2,2,1.0,1,0,0,1,2,"Hair dryer,Shampoo,Hot water,Washer,Dryer,Essentials,Hangers,Bed linens,Extra pillows and blankets,Iron,Ethernet connection,TV,Heating,Smoke alarm,Carbon monoxide alarm,Fire extinguisher,First aid kit,Wifi,Dedicated workspace,Kitchen,Refrigerator,Microwave,Cooking basics,Dishes and silverware,Dishwasher,Stove,Oven,Coffee maker,Private entrance,Backyard,Paid parking off premises,Self check-in,Keypad",0.0,0.0,19,118,4.94,4.8,5.0,4.8,95341.0,654.9,0.403,0.586,5.7,147,261.2,14972.0,752.1,0.233,san_francisco,33,8022.525000000001,1,1,1,90
325478,Entire condo,entire_home,37.76122,-122.42319,4.0,2,2,1.0,1,0,0,1,4,"Garden view,Bathtub,Hair dryer,Cleaning products,Shampoo,Conditioner,Body soap,Hot water,Shower gel,Washer,Dryer,Essentials,Hangers,Bed linens,Extra pillows and blankets,Room-darkening shades,Iron,TV,Game console,Books and reading material,Crib,Pack ’n play/Travel crib,Children’s books and toys,Children’s dinnerware,Board games,Air conditioning,Portable fans,Heating,Smoke alarm,Carbon monoxide alarm,Fire extinguisher,First aid kit,Wifi,Dedicated workspace,Kitchen,Refrigerator,Microwave,Cooking basics,Dishes and silverware,Freezer,Dishwasher,Stove,Oven,Hot water kettle,Coffee maker,Wine glasses,Toaster,Baking sheet,Rice maker,Dining table,Coffee,Private entrance,Free street parking,Paid parking off premises,Pets allowed,Luggage dropoff allowed,Self check-in,Smart lock",150.0,0.0,33,211,4.89,4.8,4.9,4.7,111332.0,492.8,0.581,0.584,7.3,212,293.1,36249.0,600.6,0.633,san_francisco,58,8706.133333333333,1,1,1,90
326650,Entire rental unit,entire_home,37.78457,-122.43177,2.0,1,1,1.0,0,0,0,0,30,"Dryer,Essentials,Hangers,Bed linens,Room-darkening shades,Iron,TV,Indoor fireplace,Heating,Exterior security cameras on property,Smoke alarm,Wifi,Dedicated workspace,Refrigerator,Microwave,Cooking basics,Dishes and silverware,Freezer,Dishwasher,Stove,Oven,Toaster,Elevator",0.0,,62,32,4.7,4.5,4.8,4.7,2610.0,185.1,0.041,0.041,7.5,15,7.2,2610.0,174.5,0.167,san_francisco,23,231.375,1,1,1,90
330535,Entire rental unit,entire_home,37.76699,-122.44643,6.0,3,3,1.0,0,0,0,0,30,"Hair dryer,Shampoo,Conditioner,Body soap,Hot water,Shower gel,Washer,Dryer,Essentials,Hangers,Bed linens,Iron,TV,Heating,Smoke alarm,Carbon monoxide alarm,Wifi,Kitchen,Refrigerator,Microwave,Dishes and silverware,Freezer,Hot water kettle,Coffee maker,Wine glasses,Toaster,Backyard,Outdoor furniture,Self check-in,Lockbox",125.0,0.0,26,125,4.73,4.5,4.8,4.6,25784.0,193.1,0.375,0.498,34.3,137,69.3,888.0,230.4,0.033,san_francisco,30,2204.5583333333334,1,1,1,90
371595,Entire guesthouse,entire_home,37.78146,-122.45619,2.0,1,2,1.0,0,0,0,0,30,"Garden view,Hair dryer,Shampoo,Hot water,Essentials,Hangers,Bed linens,Iron,TV,Heating,Smoke alarm,Carbon monoxide alarm,Wifi,Kitchen,Refrigerator,Dishes and silverware,Coffee maker,Private entrance,Backyard,Outdoor furniture,Outdoor dining area,Paid parking on premises",2326.0,,17,253,4.8,4.8,4.9,4.8,1097.0,85.6,0.036,0.05,4.3,13,3.0,183.0,90.7,0.022,san_francisco,22,92.73333333333333,1,1,1,90
394575,Entire rental unit,entire_home,37.7413,-122.4118,5.0,1,2,1.0,1,0,0,1,6,"Hair dryer,Cleaning products,Shampoo,Body soap,Hot water,Shower gel,Essentials,Hangers,Bed linens,Extra pillows and blankets,Iron,Clothing storage,TV,Sound system,Books and reading material,Indoor fireplace,Portable fans,Heating,Smoke alarm,Carbon monoxide alarm,First aid kit,Wifi,Dedicated workspace,Microwave,Cooking basics,Dishes and silverware,Mini fridge,Stove,Oven,Hot water kettle,Coffee maker,Wine glasses,Toaster,Dining table,Coffee,Private entrance,Laundromat nearby,Free street parking,Single level home,Luggage dropoff allowed,Long term stays allowed,Self check-in,Keypad",45.0,0.0,29,602,4.84,4.9,4.8,4.8,27469.0,160.4,0.438,0.788,5.3,160,72.3,13288.0,175.5,0.8,san_francisco,43,2138.6666666666665,1,1,1,90
415498,Entire rental unit,entire_home,37.79249,-122.4256,2.0,1,1,1.0,0,0,0,0,30,"Hair dryer,Shampoo,Hot water,Washer,Dryer,Essentials,Hangers,Bed linens,Extra pillows and blankets,Iron,Ethernet connection,Heating,Exterior security cameras on property,Smoke alarm,Carbon monoxide alarm,Fire extinguisher,Wifi,Dedicated workspace,Kitchen,Refrigerator,Microwave,Cooking basics,Dishes and silverware,Freezer,Stove,Oven,Hot water kettle,Coffee maker,Wine glasses,Toaster,Baking sheet,Private entrance,Luggage dropoff allowed,Long term stays allowed",4037.0,,5,37,4.82,4.6,4.9,4.5,14583.0,121.6,0.326,0.61,23.8,119,40.0,5858.0,132.5,0.489,san_francisco,34,1205.8666666666666,1,1,1,90
467507,Entire guest suite,entire_home,37.74797,-122.41111,2.0,1,1,1.0,1,0,0,1,3,"Garden view,Hair dryer,Cleaning products,Shampoo,Conditioner,Body soap,Hot water,Essentials,Hangers,Bed linens,Extra pillows and blankets,Room-darkening shades,Iron,Drying rack for clothing,Clothing storage,TV,Board games,Portable fans,Heating,Smoke alarm,Carbon monoxide alarm,Fire extinguisher,First aid kit,Wifi,Dedicated workspace,Kitchen,Refrigerator,Microwave,Cooking basics,Dishes and silverware,Freezer,Stove,Oven,Hot water kettle,Coffee maker,Wine glasses,Toaster,Baking sheet,Rice maker,Dining table,Coffee,Private entrance,Laundromat nearby,Patio or balcony,Outdoor furniture,Free parking on premises,Free street parking,Single level home,Luggage dropoff allowed,Self check-in,Keypad",60.0,0.0,23,482,4.96,5.0,4.9,4.9,61277.0,190.8,0.816,0.816,3.9,298,156.7,16794.0,211.1,0.822,san_francisco,51,4738.2,1,1,1,90
468490,Entire condo,entire_home,37.80309,-122.41586,8.0,3,4,2.5,0,0,0,0,21,"TV,Kitchen,Wifi,Hair dryer,Cleaning products,Shampoo,Conditioner,Hot water,Washer,Dryer,Essentials,Hangers,Bed linens,Extra pillows and blankets,Room-darkening shades,Iron,Clothing storage,Ethernet connection,TV,Crib,Pack ’n play/Travel crib,Fireplace guards,Board games,Heating,Exterior security cameras on property,Smoke alarm,Carbon monoxide alarm,Fire extinguisher,Wifi,Dedicated workspace,Kitchen,Refrigerator,Microwave,Cooking basics,Dishes and silverware,Freezer,Dishwasher,Stove,Oven,Hot water kettle,Coffee maker,Wine glasses,Toaster,Baking sheet,Blender,Trash compactor,Dining table,Coffee,Private entrance,Laundromat nearby,Patio or balcony,Backyard,Free street parking,Elevator,Paid parking off premises,Single level home,Self check-in,Keypad",8481.0,,49,106,4.62,4.9,4.9,4.3,34232.0,449.0,0.197,0.258,3.6,72,93.8,5027.0,320.8,0.167,san_francisco,58,2694.0,1,1,1,90
487019,Entire rental unit,entire_home,37.7551,-122.399,5.0,3,4,2.0,0,0,0,0,4,"TV,Wifi,Bathtub,Hair dryer,Cleaning products,Shampoo,Conditioner,Body soap,Hot water,Washer,Dryer,Essentials,Hangers,Bed linens,Room-darkening shades,Iron,Drying rack for clothing,Clothing storage,Ethernet connection,TV,Record player,Pack ’n play/Travel crib,Children’s books and toys,High chair,Children’s dinnerware,Window guards,Outlet covers,Board games,Babysitter recommendations,Portable fans,Heating,Smoke alarm,Carbon monoxide alarm,Fire extinguisher,Wifi,Dedicated workspace,Kitchen,Refrigerator,Microwave,Cooking basics,Dishes and silverware,Freezer,Dishwasher,Stove,Oven,Hot water kettle,Coffee maker,Wine glasses,Toaster,Baking sheet,Blender,Dining table,Free parking on premises,Free street parking,Gym,Long term stays allowed,Self check-in,Lockbox",260.0,0.0,29,41,4.44,4.3,4.4,4.4,19140.0,264.8,0.173,0.467,5.7,63,46.0,3211.0,254.6,0.122,san_francisco,58,1390.2,1,1,1,90
487499,Entire rental unit,entire_home,37.7593,-122.42338,2.0,1,1,1.0,1,0,0,1,30,"Hair dryer,Shampoo,Hot water,Washer,Dryer,Essentials,Hangers,Iron,TV,Pack ’n play/Travel crib,Heating,Smoke alarm,Fire extinguisher,Wifi,Dedicated workspace,Kitchen,Refrigerator,Microwave,Cooking basics,Dishes and silverware,Dishwasher,Stove,Oven,Coffee maker,Long term stays allowed,Self check-in,Lockbox",5510.0,,16,211,4.78,4.8,4.9,4.6,25862.0,152.4,0.496,0.73,25.9,181,70.9,172.0,168.6,0.011,san_francisco,27,2298.7000000000003,1,1,1,90
493889,Entire rental unit,entire_home,37.72833,-122.44125,2.0,1,1,1.0,0,0,0,1,4,"TV,Wifi,Hair dryer,Shampoo,Hot water,Washer,Dryer,Essentials,Hangers,Bed linens,Extra pillows and blankets,Iron,TV,Books and reading material,Children’s books and toys,Ceiling fan,Portable fans,Heating,Smoke alarm,Carbon monoxide alarm,Fire extinguisher,Wifi,Dedicated workspace,Kitchen,Refrigerator,Microwave,Cooking basics,Dishes and silverware,Freezer,Dishwasher,Stove,Oven,Hot water kettle,Coffee maker,Wine glasses,Toaster,Baking sheet,Rice maker,Coffee,Private entrance,Laundromat nearby,Free parking on premises,Free street parking,Paid parking on premises,Long term stays allowed,Host greets you",273.0,0.0,29,122,4.9,4.7,4.8,4.8,8977.0,234.4,0.096,0.096,11.7,35,22.4,4542.0,227.3,0.189,san_francisco,46,683.6666666666666,1,1,1,90
504146,Entire guest suite,entire_home,37.80489,-122.43746,2.0,1,2,1.0,0,0,0,1,2,"Bathtub,Hair dryer,Shampoo,Hot water,Washer,Dryer,Essentials,Hangers,Bed linens,Extra pillows and blankets,Iron,Ethernet connection,TV,Heating,Smoke alarm,Carbon monoxide alarm,Fire extinguisher,First aid kit,Wifi,Dedicated workspace,Refrigerator,Microwave,Dishes and silverware,Dishwasher,Coffee maker,Waterfront,Beach access,Private entrance,Patio or balcony,Backyard,Outdoor furniture,Outdoor dining area,Free street parking,Single level home,Luggage dropoff allowed,Host greets you",0.0,0.0,23,130,4.93,5.0,5.0,4.8,65859.0,396.4,0.501,0.744,4.1,183,180.4,0.0,473.4,0.0,san_francisco,36,6045.099999999999,1,1,1,90
531151,Entire home,entire_home,37.73466,-122.41694,8.0,4,6,2.5,0,1,0,0,4,"TV,Cable TV,Wifi,Kitchen,Board games,Free parking on premises,Hot water kettle,Portable fans,Conditioner,Free street parking,Laundromat nearby,Outdoor furniture,Hammock,Cleaning products,Heating,Coffee,Wine glasses,Washer,Dryer,Smoke alarm,Carbon monoxide alarm,Fire extinguisher,Essentials,Shampoo,Hangers,Hair dryer,Iron,Dedicated workspace,Self check-in,Freezer,Keypad,Private entrance,Rice maker,Bathtub,Children’s books and toys,Blender,Room-darkening shades,Game console,Hot water,Body soap,Bed linens,Extra pillows and blankets,Microwave,Coffee maker,Refrigerator,Dishwasher,Dishes and silverware,Cooking basics,Oven,Stove,BBQ grill,Shower gel,Backyard,Dining table,Baking sheet,Barbecue utensils,Toaster",150.0,0.0,23,31,4.9,4.8,4.7,4.8,53375.0,612.2,0.296,0.48,7.7,108,141.7,762.0,862.9,0.011,san_francisco,57,5509.8,1,1,1,90
545685,Entire guest suite,entire_home,37.77458,-122.48162,2.0,1,1,1.0,1,0,0,1,2,"Hair dryer,Shampoo,Hot water,Essentials,Hangers,Iron,TV,Heating,Smoke alarm,Carbon monoxide alarm,Fire extinguisher,Wifi,Refrigerator,Dishes and silverware,Coffee maker,Free street parking,Luggage dropoff allowed,Self check-in,Smart lock",60.0,20.0,16,1302,4.82,4.8,4.7,4.8,38249.0,97.8,0.912,0.949,3.0,333,89.5,7928.0,96.0,0.778,san_francisco,19,2713.95,1,1,1,90
555596,Entire guest suite,entire_home,37.74391,-122.43524,2.0,1,1,1.0,1,0,0,1,3,"TV,Wifi,Air conditioning,Hair dryer,Cleaning products,Shampoo,Conditioner,Body soap,Hot water,Essentials,Hangers,Extra pillows and blankets,Iron,Drying rack for clothing,Heating,Smoke alarm,Carbon monoxide alarm,Fire extinguisher,First aid kit,Wifi,Dedicated workspace,Refrigerator,Microwave,Cooking basics,Dishes and silverware,Stove,Coffee maker,Toaster,Blender,Dining table,Coffee,Private entrance,Laundromat nearby,Backyard,Free street parking,Self check-in,Lockbox",95.0,0.0,5,256,4.91,4.9,4.9,4.9,12236.0,143.6,0.211,0.828,5.1,77,29.6,571.0,159.1,0.033,san_francisco,37,921.4333333333333,1,1,1,90
561148,Entire home,entire_home,37.77689,-122.45594,6.0,3,3,2.0,0,0,0,1,3,"Bathtub,Hair dryer,Cleaning products,Shampoo,Conditioner,Hot water,Washer,Dryer,Essentials,Hangers,Bed linens,Extra pillows and blankets,Iron,Clothing storage,TV,Exercise equipment,Children’s dinnerware,Indoor fireplace,Heating,Smoke alarm,Carbon monoxide alarm,Fire extinguisher,First aid kit,Wifi,Dedicated workspace,Kitchen,Refrigerator,Microwave,Cooking basics,Dishes and silverware,Freezer,Dishwasher,Stove,Oven,Hot water kettle,Coffee maker,Wine glasses,Toaster,Dining table,Patio or balcony,Backyard,Outdoor furniture,Outdoor dining area,BBQ grill,Free street parking,Self check-in,Keypad",175.0,0.0,56,55,4.96,4.9,4.9,4.7,73703.0,809.2,0.263,0.429,13.7,96,199.0,21104.0,710.7,0.322,san_francisco,47,6473.600000000001,1,1,1,90
571142,Entire serviced apartment,entire_home,37.76459,-122.45483,4.0,2,2,1.0,0,1,0,0,30,"Wifi,Hair dryer,Cleaning products,Shampoo,Conditioner,Body soap,Hot water,Shower gel,Essentials,Hangers,Bed linens,Extra pillows and blankets,Room-darkening shades,Iron,Drying rack for clothing,Clothing storage,Ethernet connection,TV,Sound system,Books and reading material,Indoor fireplace,Portable fans,Heating,Smoke alarm,Carbon monoxide alarm,Fire extinguisher,First aid kit,Wifi,Dedicated workspace,Pocket wifi,Kitchen,Refrigerator,Microwave,Cooking basics,Dishes and silverware,Freezer,Stove,Oven,Hot water kettle,Coffee maker,Wine glasses,Toaster,Baking sheet,Blender,Rice maker,Barbecue utensils,Dining table,Coffee,Private entrance,Laundromat nearby,Patio or balcony,Hammock,Free street parking,Single level home,Luggage dropoff allowed,Long term stays allowed,Self check-in,Smart lock,Cleaning before checkout",6421.0,,14,52,4.78,4.5,4.9,4.6,9406.0,189.8,0.148,0.314,27.0,54,25.8,0.0,215.1,0.0,san_francisco,59,854.1,1,1,1,90
585326,Entire guest suite,entire_home,37.77547,-122.48116,2.0,1,2,1.0,1,0,0,1,2,"Hair dryer,Shampoo,Hot water,Essentials,Hangers,Iron,TV,Heating,Smoke alarm,Carbon monoxide alarm,Wifi,Dishes and silverware,Luggage dropoff allowed,Self check-in,Smart lock",60.0,20.0,12,1244,4.82,4.9,4.8,4.8,38438.0,96.7,0.91,0.91,2.6,332,88.9,10337.0,104.9,0.922,san_francisco,15,2675.366666666667,1,1,1,90
