month,avg_revenue,avg_occupancy,avg_rate,revenue_index,occupancy_index,rate_index,market
1,1870.95,0.29,203.95,0.894,0.928,0.92,indianapolis
2,2167.77,0.36,206.79,1.036,1.152,0.932,indianapolis
3,2086.2,0.3,215.92,0.997,0.96,0.974,indianapolis
4,2055.58,0.31,235.72,0.982,0.992,1.063,indianapolis
5,1617.92,0.26,239.19,0.773,0.832,1.079,indianapolis
6,2274.31,0.24,262.01,1.087,0.768,1.181,indianapolis
7,2000.7,0.2,256.12,0.956,0.64,1.155,indianapolis
8,2419.73,0.42,214.17,1.156,1.344,0.966,indianapolis
9,1933.22,0.36,207.9,0.924,1.152,0.937,indianapolis
10,2445.07,0.4,207.48,1.168,1.28,0.936,indianapolis
11,2195.03,0.33,205.75,1.049,1.056,0.928,indianapolis
12,2049.28,0.28,206.14,0.979,0.896,0.93,indianapolis
1,899.84,0.22,221.24,0.545,0.737,0.926,los_angeles
2,774.49,0.2,223.45,0.469,0.67,0.935,los_angeles
3,1211.7,0.26,239.55,0.734,0.872,1.003,los_angeles
4,2181.62,0.35,256.23,1.321,1.173,1.073,los_angeles
5,2306.54,0.37,265.2,1.397,1.24,1.11,los_angeles
6,2012.64,0.31,247.22,1.219,1.039,1.035,los_angeles
7,1730.64,0.22,262.08,1.048,0.737,1.097,los_angeles
8,2152.69,0.38,232.64,1.304,1.274,0.974,los_angeles
9,1374.77,0.29,224.22,0.833,0.972,0.939,los_angeles
10,1909.62,0.35,234.62,1.157,1.173,0.982,los_angeles
11,1591.33,0.32,229.53,0.964,1.073,0.961,los_angeles
12,1665.19,0.31,230.82,1.009,1.039,0.966,los_angeles
1,2910.56,0.29,276.25,0.979,0.983,0.993,las_vegas
2,1971.71,0.24,268.06,0.663,0.814,0.964,las_vegas
3,3362.29,0.34,283.46,1.131,1.153,1.019,las_vegas
4,3121.43,0.3,285.53,1.05,1.017,1.027,las_vegas
5,3494.94,0.3,302.96,1.176,1.017,1.089,las_vegas
6,2234.21,0.22,279.95,0.752,0.746,1.007,las_vegas
7,2082.9,0.18,288.51,0.701,0.61,1.037,las_vegas
8,3356.26,0.34,264.72,1.129,1.153,0.952,las_vegas
9,2786.37,0.32,264.38,0.937,1.085,0.951,las_vegas
10,3566.57,0.35,271.91,1.2,1.186,0.978,las_vegas
11,3347.6,0.32,277.89,1.126,1.085,0.999,las_vegas
12,3432.77,0.34,273.91,1.155,1.153,0.985,las_vegas
1,7081.61,0.54,443.47,0.821,0.901,0.931,anaheim
2,7908.82,0.64,440.99,0.916,1.068,0.926,anaheim
3,10822.19,0.71,491.64,1.254,1.185,1.032,anaheim
4,9203.42,0.66,466.52,1.067,1.102,0.979,anaheim
5,8608.16,0.59,462.37,0.998,0.985,0.971,anaheim
6,9942.62,0.58,568.18,1.152,0.968,1.193,anaheim
7,6678.17,0.36,582.35,0.774,0.601,1.223,anaheim
8,8650.0,0.61,465.35,1.002,1.018,0.977,anaheim
9,7619.41,0.58,433.75,0.883,0.968,0.911,anaheim
10,9317.98,0.65,451.73,1.08,1.085,0.948,anaheim
11,7750.3,0.6,429.52,0.898,1.001,0.902,anaheim
12,9971.1,0.67,479.96,1.155,1.118,1.008,anaheim
1,1047.77,0.21,219.39,0.529,0.668,0.944,austin
2,1586.93,0.29,219.13,0.801,0.923,0.943,austin
3,3035.72,0.41,265.25,1.533,1.305,1.141,austin
4,2068.81,0.33,237.2,1.045,1.05,1.02,austin
5,2054.77,0.31,245.28,1.037,0.987,1.055,austin
6,1689.64,0.27,226.73,0.853,0.859,0.975,austin
7,993.68,0.14,222.33,0.502,0.446,0.956,austin
8,1278.66,0.27,208.38,0.646,0.859,0.896,austin
9,2104.98,0.35,228.32,1.063,1.114,0.982,austin
10,3980.98,0.5,266.04,2.01,1.592,1.144,austin
11,2447.41,0.42,225.23,1.236,1.337,0.969,austin
12,1478.34,0.27,226.44,0.746,0.859,0.974,austin
1,1644.23,0.29,211.61,0.957,0.975,1.003,four_corners
2,1776.36,0.33,210.03,1.034,1.109,0.995,four_corners
3,2082.74,0.35,221.55,1.212,1.176,1.05,four_corners
4,2201.55,0.37,219.7,1.281,1.244,1.041,four_corners
5,1494.26,0.25,212.67,0.869,0.84,1.008,four_corners
6,1422.39,0.23,216.03,0.828,0.773,1.024,four_corners
7,1510.82,0.23,215.4,0.879,0.773,1.021,four_corners
8,1626.76,0.31,199.75,0.947,1.042,0.947,four_corners
9,1203.88,0.24,198.7,0.7,0.807,0.942,four_corners
10,1605.61,0.29,203.09,0.934,0.975,0.963,four_corners
11,1804.52,0.32,205.21,1.05,1.076,0.973,four_corners
12,2251.28,0.36,218.2,1.31,1.21,1.034,four_corners
1,949.29,0.25,131.58,0.864,0.909,0.918,houston
2,745.64,0.26,129.99,0.679,0.945,0.907,houston
3,1418.14,0.35,140.48,1.291,1.273,0.98,houston
4,1150.34,0.28,142.16,1.047,1.018,0.992,houston
5,1077.33,0.25,147.35,0.981,0.909,1.028,houston
6,1451.08,0.25,201.41,1.321,0.909,1.405,houston
7,889.33,0.14,159.72,0.809,0.509,1.114,houston
8,1243.48,0.36,132.85,1.132,1.309,0.927,houston
9,702.64,0.27,133.73,0.64,0.982,0.933,houston
10,1005.36,0.29,132.85,0.915,1.055,0.927,houston
11,1128.69,0.28,134.94,1.027,1.018,0.942,houston
12,1423.24,0.32,132.81,1.295,1.164,0.927,houston
1,1641.02,0.29,199.85,0.982,0.961,1.033,kissimmee
2,2095.63,0.4,203.4,1.254,1.326,1.051,kissimmee
3,2279.47,0.39,204.52,1.364,1.293,1.057,kissimmee
4,2006.65,0.35,202.21,1.201,1.16,1.045,kissimmee
5,1588.68,0.29,195.17,0.951,0.961,1.009,kissimmee
6,1162.95,0.21,203.29,0.696,0.696,1.051,kissimmee
7,1033.84,0.18,206.29,0.619,0.597,1.066,kissimmee
8,1814.02,0.34,177.98,1.086,1.127,0.92,kissimmee
9,1075.25,0.21,176.08,0.643,0.696,0.91,kissimmee
10,1649.58,0.3,178.99,0.987,0.994,0.925,kissimmee
11,1624.18,0.31,179.74,0.972,1.028,0.929,kissimmee
12,2081.54,0.35,193.87,1.246,1.16,1.002,kissimmee
1,3026.9,0.45,227.85,1.436,1.33,0.993,miami
2,3037.47,0.53,224.08,1.441,1.567,0.976,miami
3,3700.75,0.57,240.9,1.755,1.685,1.05,miami
4,2281.34,0.42,241.41,1.082,1.241,1.052,miami
5,1518.3,0.26,235.27,0.72,0.768,1.025,miami
6,1278.88,0.17,299.19,0.607,0.502,1.304,miami
7,813.34,0.12,285.69,0.386,0.355,1.245,miami
8,1604.25,0.29,182.65,0.761,0.857,0.796,miami
9,1214.21,0.23,183.84,0.576,0.68,0.801,miami
10,1420.03,0.25,190.82,0.673,0.739,0.832,miami
11,2139.51,0.34,202.67,1.015,1.005,0.883,miami
12,3267.95,0.43,239.35,1.55,1.271,1.043,miami
1,879.15,0.23,135.12,0.531,0.622,0.922,portland
2,788.68,0.23,137.31,0.476,0.622,0.937,portland
3,1278.53,0.31,144.29,0.772,0.838,0.985,portland
4,1531.57,0.35,147.22,0.925,0.946,1.005,portland
5,1979.09,0.38,153.97,1.195,1.027,1.051,portland
6,2059.74,0.4,161.84,1.244,1.081,1.104,portland
7,1388.4,0.25,161.92,0.838,0.676,1.105,portland
8,2802.06,0.62,149.73,1.692,1.676,1.022,portland
9,2048.68,0.5,143.05,1.237,1.351,0.976,portland
10,1997.48,0.47,142.65,1.206,1.27,0.973,portland
11,1559.32,0.36,141.29,0.942,0.973,0.964,portland
12,1557.95,0.34,140.22,0.941,0.919,0.957,portland
1,2103.55,0.31,319.97,0.648,0.823,0.942,san_diego
2,2271.88,0.36,314.34,0.7,0.956,0.926,san_diego
3,3688.17,0.43,325.89,1.137,1.142,0.96,san_diego
4,3221.52,0.41,321.54,0.993,1.088,0.947,san_diego
5,3564.11,0.38,338.3,1.098,1.009,0.996,san_diego
6,3100.06,0.33,376.29,0.955,0.876,1.108,san_diego
7,2816.69,0.23,396.38,0.868,0.611,1.167,san_diego
8,5164.17,0.52,360.5,1.592,1.381,1.061,san_diego
9,3813.46,0.43,339.74,1.175,1.142,1.0,san_diego
10,3121.68,0.37,329.01,0.962,0.982,0.969,san_diego
11,3015.18,0.39,325.56,0.929,1.035,0.959,san_diego
12,3054.19,0.36,327.95,0.941,0.956,0.966,san_diego
1,2473.21,0.41,242.1,0.966,1.04,1.002,san_francisco
2,1943.54,0.38,238.56,0.759,0.964,0.988,san_francisco
3,3099.9,0.43,245.34,1.211,1.091,1.016,san_francisco
4,2479.04,0.37,251.2,0.968,0.939,1.04,san_francisco
5,2498.41,0.36,254.55,0.976,0.913,1.054,san_francisco
6,2228.82,0.36,269.07,0.87,0.913,1.114,san_francisco
7,1482.87,0.2,266.01,0.579,0.507,1.101,san_francisco
8,4000.04,0.57,218.91,1.562,1.446,0.906,san_francisco
9,2897.09,0.46,223.85,1.131,1.167,0.927,san_francisco
10,2495.81,0.42,236.08,0.975,1.066,0.977,san_francisco
11,2349.21,0.4,224.33,0.918,1.015,0.929,san_francisco
12,2776.91,0.37,228.27,1.085,0.939,0.945,san_francisco
1,1030.7,0.24,137.91,0.53,0.661,0.839,seattle
2,1027.71,0.26,133.47,0.528,0.716,0.812,seattle
3,1524.29,0.3,149.96,0.784,0.826,0.913,seattle
4,1575.74,0.3,158.27,0.81,0.826,0.963,seattle
5,1836.24,0.32,173.12,0.944,0.881,1.054,seattle
6,3313.51,0.36,253.25,1.703,0.991,1.541,seattle
7,2225.71,0.29,213.24,1.144,0.798,1.298,seattle
8,3264.54,0.65,163.59,1.678,1.789,0.996,seattle
9,2686.79,0.59,153.72,1.381,1.624,0.936,seattle
10,2248.37,0.47,145.32,1.156,1.294,0.884,seattle
11,1382.47,0.31,144.65,0.711,0.853,0.88,seattle
12,1228.58,0.27,145.26,0.632,0.743,0.884,seattle
1,5631.53,0.31,511.09,1.328,1.27,1.023,south_lake_tahoe
2,4937.24,0.31,500.75,1.164,1.27,1.002,south_lake_tahoe
3,3594.16,0.23,497.37,0.848,0.942,0.995,south_lake_tahoe
4,2747.86,0.17,483.32,0.648,0.696,0.967,south_lake_tahoe
5,2542.19,0.16,487.99,0.599,0.655,0.976,south_lake_tahoe
6,4371.96,0.26,528.25,1.031,1.065,1.057,south_lake_tahoe
7,5892.35,0.28,569.92,1.389,1.147,1.14,south_lake_tahoe
8,5967.81,0.39,483.87,1.407,1.597,0.968,south_lake_tahoe
9,3977.26,0.25,466.14,0.938,1.024,0.933,south_lake_tahoe
10,2940.99,0.17,466.99,0.694,0.696,0.934,south_lake_tahoe
11,2578.32,0.14,470.79,0.608,0.573,0.942,south_lake_tahoe
12,5706.65,0.26,531.47,1.346,1.065,1.063,south_lake_tahoe
1,939.7,0.21,164.71,0.536,0.624,0.945,washington
2,975.37,0.24,163.49,0.556,0.713,0.938,washington
3,2025.23,0.34,179.34,1.154,1.01,1.029,washington
4,2506.11,0.42,184.43,1.429,1.248,1.058,washington
5,2449.69,0.42,189.22,1.396,1.248,1.085,washington
6,1920.7,0.33,187.28,1.095,0.98,1.074,washington
7,1329.27,0.22,183.41,0.758,0.653,1.052,washington
8,1846.21,0.4,164.49,1.052,1.188,0.943,washington
9,1860.55,0.4,168.51,1.061,1.188,0.966,washington
10,2452.06,0.46,174.44,1.398,1.366,1.0,washington
11,1622.44,0.36,168.69,0.925,1.069,0.967,washington
12,1123.57,0.24,164.43,0.64,0.713,0.943,washington
